Station_ID,IOOS_Regional_Association,Network,creator_country,creator_email,creator_institution,creator_name,creator_sector,creator_type,creator_url,institution,platform_name
KBCH,AOOS,UAF,United States of America,uaf-pio-cfos-team@alaska.edu,University of Alaska Fairbanks,"College of Fisheries and Ocean Sciences, University of Alaska Fairbanks",academic,group,https://research.cfos.uaf.edu/hfradar/,University of Alaska Fairbanks,"Kalifornsky Beach, Kenai, AK (KBCH) HF-radar station"
PBRW,AOOS,UAF,United States of America,uaf-pio-cfos-team@alaska.edu,University of Alaska Fairbanks,"College of Fisheries and Ocean Sciences, University of Alaska Fairbanks",academic,group,https://research.cfos.uaf.edu/hfradar/,University of Alaska Fairbanks,"Point Barrow, AK (PBRW) HF-radar station"
SDPD,AOOS,UAF,United States of America,uaf-pio-cfos-team@alaska.edu,University of Alaska Fairbanks,"College of Fisheries and Ocean Sciences, University of Alaska Fairbanks",academic,group,https://research.cfos.uaf.edu/hfradar/,University of Alaska Fairbanks,"Susan Dionne Pad, Kenai, AK (SDPD) HF-radar station"
WAIN,AOOS,UAF,United States of America,uaf-pio-cfos-team@alaska.edu,University of Alaska Fairbanks,"College of Fisheries and Ocean Sciences, University of Alaska Fairbanks",academic,group,https://research.cfos.uaf.edu/hfradar/,University of Alaska Fairbanks,"Wainwright, AK (WAIN) HF-radar station"
CDDO,CariCOOS,UPR,United States of America,patricia.chardon@upr.edu,University of Puerto Rico,Caribbean Coastal Ocean Observing System,academic,institution,https://www.caricoos.org/hf-radar,University of Puerto Rico,"Cabo Rojo, Puerto Rico (CDDO) HF-radar station"
FARO,CariCOOS,UPR,United States of America,patricia.chardon@upr.edu,University of Puerto Rico,Caribbean Coastal Ocean Observing System,academic,institution,https://www.caricoos.org/hf-radar,University of Puerto Rico,"Cabo Rojo Lighthouse at Cabo Rojo, Puerto Rico (FARO) HF-radar station"
FRDO,CariCOOS,UPR,United States of America,patricia.chardon@upr.edu,University of Puerto Rico,Caribbean Coastal Ocean Observing System,academic,institution,https://www.caricoos.org/hf-radar,University of Puerto Rico,"Reserva Natural Cabezas de San Juan, Fajardo (FRDO) HF-radar station"
FURA,CariCOOS,UPR,United States of America,patricia.chardon@upr.edu,University of Puerto Rico,Caribbean Coastal Ocean Observing System,academic,institution,https://www.caricoos.org/hf-radar,University of Puerto Rico,"Anasco, Puerto Rico (FURA) HF-radar station"
MABO,CariCOOS,UPR,United States of America,patricia.chardon@upr.edu,University of Puerto Rico,Caribbean Coastal Ocean Observing System,academic,institution,https://www.caricoos.org/hf-radar,University of Puerto Rico,"Punta Tuna Lighthouse, Maunabo, Puerto Rico (MABO) HF-radar station"
PYFC,CariCOOS,UPR,United States of America,patricia.chardon@upr.edu,University of Puerto Rico,Caribbean Coastal Ocean Observing System,academic,institution,https://www.caricoos.org/hf-radar,University of Puerto Rico,"Ponce Yacht and Fishing Club at Ponce, Puerto Rico (PYFC) HF-radar station"
SBAY,CariCOOS,UPR,United States of America,patricia.chardon@upr.edu,University of Puerto Rico,Caribbean Coastal Ocean Observing System,academic,institution,https://www.caricoos.org/hf-radar,University of Puerto Rico,"Club de Pesca Rec Isla de Cabras, San Juan Bay (SBAY) HF-radar station"
THOM,CariCOOS,UPR,United States of America,patricia.chardon@upr.edu,University of Puerto Rico,Caribbean Coastal Ocean Observing System,academic,institution,https://www.caricoos.org/hf-radar,University of Puerto Rico,"St. Thomas, USVI (THOM) HF-radar station"
BML1,CeNCOOS,BML,United States of America,ucdbml@ucdavis.edu,"University of California, Davis","Bodega Marine Laboratory, Coastal and Marine Sciences Institute, University of California, Davis",academic,group,https://boon.ucdavis.edu/obs/hfr,"University of California, Davis","Bodega Marine Laboratory, CA (BML1) HF-radar station"
BMLR,CeNCOOS,BML,United States of America,ucdbml@ucdavis.edu,"University of California, Davis","Bodega Marine Laboratory, Coastal and Marine Sciences Institute, University of California, Davis",academic,group,https://boon.ucdavis.edu/obs/hfr,"University of California, Davis",Bodega Marine Laboratory Long Range (BMLR) HF-radar station
BRAG,CeNCOOS,BML,United States of America,ucdbml@ucdavis.edu,"University of California, Davis","Bodega Marine Laboratory, Coastal and Marine Sciences Institute, University of California, Davis",academic,group,https://boon.ucdavis.edu/obs/hfr,"University of California, Davis","Fort Bragg, CA (BRAG) HF-radar station"
GCVE,CeNCOOS,BML,United States of America,ucdbml@ucdavis.edu,"University of California, Davis","Bodega Marine Laboratory, Coastal and Marine Sciences Institute, University of California, Davis",academic,group,https://boon.ucdavis.edu/obs/hfr,"University of California, Davis","Gerstle Cove, Salt Point State Park, Sonoma County, CA (GCVE) HF-radar station"
PAFS,CeNCOOS,BML,United States of America,ucdbml@ucdavis.edu,"University of California, Davis","Bodega Marine Laboratory, Coastal and Marine Sciences Institute, University of California, Davis",academic,group,https://boon.ucdavis.edu/obs/hfr,"University of California, Davis",Point Arena Field Station (PAFS) HF-radar station
PBON,CeNCOOS,BML,United States of America,ucdbml@ucdavis.edu,"University of California, Davis","Bodega Marine Laboratory, Coastal and Marine Sciences Institute, University of California, Davis",academic,group,https://boon.ucdavis.edu/obs/hfr,"University of California, Davis","Point Bonita, CA (PBON) HF-radar station"
PREY,CeNCOOS,BML,United States of America,ucdbml@ucdavis.edu,"University of California, Davis","Bodega Marine Laboratory, Coastal and Marine Sciences Institute, University of California, Davis",academic,group,https://boon.ucdavis.edu/obs/hfr,"University of California, Davis","Point Reyes, CA (PREY) HF-radar station"
SHEL,CeNCOOS,BML,United States of America,ucdbml@ucdavis.edu,"University of California, Davis","Bodega Marine Laboratory, Coastal and Marine Sciences Institute, University of California, Davis",academic,group,https://boon.ucdavis.edu/obs/hfr,"University of California, Davis","Shelter Cove, CA (SHEL) HF-radar station"
SLID,CeNCOOS,BML,United States of America,ucdbml@ucdavis.edu,"University of California, Davis","Bodega Marine Laboratory, Coastal and Marine Sciences Institute, University of California, Davis",academic,group,https://boon.ucdavis.edu/obs/hfr,"University of California, Davis","Slide Ranch, CA (SLID) HF-radar station"
SMOA,CeNCOOS,BML,United States of America,ucdbml@ucdavis.edu,"University of California, Davis","Bodega Marine Laboratory, Coastal and Marine Sciences Institute, University of California, Davis",academic,group,https://boon.ucdavis.edu/obs/hfr,"University of California, Davis","Humboldt Bay, Samoa, CA (SMOA) HF-radar station"
TRIN,CeNCOOS,BML,United States of America,ucdbml@ucdavis.edu,"University of California, Davis","Bodega Marine Laboratory, Coastal and Marine Sciences Institute, University of California, Davis",academic,group,https://boon.ucdavis.edu/obs/hfr,"University of California, Davis","Trinidad, CA (TRIN) HF-radar station"
ANGL,CeNCOOS,CODAR,United States of America,support@codar.com,"CODAR Ocean Sensors, Ltd.","CODAR Ocean Sensors, Ltd.",industry,institution,https://codar.com/,"CODAR Ocean Sensors, Ltd.","Angel Island, CA (ANGL) HF-radar station"
BIGC,CeNCOOS,CODAR,United States of America,support@codar.com,"CODAR Ocean Sensors, Ltd.","CODAR Ocean Sensors, Ltd.",industry,institution,https://codar.com/,"CODAR Ocean Sensors, Ltd.",Big Creek (BIGC) HF-radar station
CRIS,CeNCOOS,CODAR,United States of America,support@codar.com,"CODAR Ocean Sensors, Ltd.","CODAR Ocean Sensors, Ltd.",industry,institution,https://codar.com/,"CODAR Ocean Sensors, Ltd.","Crissy Field, CA (CRIS) HF-radar station"
EXPL,CeNCOOS,CODAR,United States of America,support@codar.com,"CODAR Ocean Sensors, Ltd.","CODAR Ocean Sensors, Ltd.",industry,institution,https://codar.com/,"CODAR Ocean Sensors, Ltd.","The Exploratorium Museum, CA (EXPL) HF-radar station"
FORT,CeNCOOS,CODAR,United States of America,support@codar.com,"CODAR Ocean Sensors, Ltd.","CODAR Ocean Sensors, Ltd.",industry,institution,https://codar.com/,"CODAR Ocean Sensors, Ltd.","Fort Funston, CA (FORT) HF-radar station"
GCYN,CeNCOOS,CODAR,United States of America,support@codar.com,"CODAR Ocean Sensors, Ltd.","CODAR Ocean Sensors, Ltd.",industry,institution,https://codar.com/,"CODAR Ocean Sensors, Ltd.","Granite Canyon, CA (GCYN) HF-radar station"
MBAC,CeNCOOS,CODAR,United States of America,support@codar.com,"CODAR Ocean Sensors, Ltd.","CODAR Ocean Sensors, Ltd.",industry,institution,https://codar.com/,"CODAR Ocean Sensors, Ltd.","Monterey Bay Academy, California (MBAC) HF-radar station"
MLML,CeNCOOS,CODAR,United States of America,support@codar.com,"CODAR Ocean Sensors, Ltd.","CODAR Ocean Sensors, Ltd.",industry,institution,https://codar.com/,"CODAR Ocean Sensors, Ltd.","Moss Landing Marine Laboratories, CA (MLML) HF-radar station"
MONT,CeNCOOS,CODAR,United States of America,support@codar.com,"CODAR Ocean Sensors, Ltd.","CODAR Ocean Sensors, Ltd.",industry,institution,https://codar.com/,"CODAR Ocean Sensors, Ltd.","Montara Sanitary District, Montara, CA (MONT) HF-radar station"
PILR,CeNCOOS,CODAR,United States of America,support@codar.com,"CODAR Ocean Sensors, Ltd.","CODAR Ocean Sensors, Ltd.",industry,institution,https://codar.com/,"CODAR Ocean Sensors, Ltd.","Pillar Point Air Force Station, CA, USA (PILR) HF-radar station"
PPNS,CeNCOOS,CODAR,United States of America,support@codar.com,"CODAR Ocean Sensors, Ltd.","CODAR Ocean Sensors, Ltd.",industry,institution,https://codar.com/,"CODAR Ocean Sensors, Ltd.","Point Pinos, Pacific Grove, CA (PPNS) HF-radar station"
PSLR,CeNCOOS,CODAR,United States of America,support@codar.com,"CODAR Ocean Sensors, Ltd.","CODAR Ocean Sensors, Ltd.",industry,institution,https://codar.com/,"CODAR Ocean Sensors, Ltd.",Point Sur Long Range (PSLR) HF-radar station
RTC1,CeNCOOS,CODAR,United States of America,support@codar.com,"CODAR Ocean Sensors, Ltd.","CODAR Ocean Sensors, Ltd.",industry,institution,https://codar.com/,"CODAR Ocean Sensors, Ltd.","Romberg Tiburon Center, CA (RTC1) HF-radar station"
SAUS,CeNCOOS,CODAR,United States of America,support@codar.com,"CODAR Ocean Sensors, Ltd.","CODAR Ocean Sensors, Ltd.",industry,institution,https://codar.com/,"CODAR Ocean Sensors, Ltd.","Sausalito-Marin City Sanitary District, CA, USA (SAUS) HF-radar station"
SCRZ,CeNCOOS,CODAR,United States of America,support@codar.com,"CODAR Ocean Sensors, Ltd.","CODAR Ocean Sensors, Ltd.",industry,institution,https://codar.com/,"CODAR Ocean Sensors, Ltd.",Santa Cruz (SCRZ) HF-radar station
DCLR,CeNCOOS,SLO,United States of America,rkwalter@calpoly.edu,"California Polytechnic State University, San Luis Obispo","Center for Coastal Marine Sciences; California Polytechnic State University, San Luis Obispo",academic,group,https://marine.calpoly.edu/ocean-observing,"California Polytechnic State University, San Luis Obispo","Diablo Canyon Long Range, CA (DCLR) HF-radar station"
DCSR,CeNCOOS,SLO,United States of America,rkwalter@calpoly.edu,"California Polytechnic State University, San Luis Obispo","Center for Coastal Marine Sciences; California Polytechnic State University, San Luis Obispo",academic,group,https://marine.calpoly.edu/ocean-observing,"California Polytechnic State University, San Luis Obispo","Diablo Canyon Standard Range, CA (DCSR) HF-radar station"
ESTR,CeNCOOS,SLO,United States of America,rkwalter@calpoly.edu,"California Polytechnic State University, San Luis Obispo","Center for Coastal Marine Sciences; California Polytechnic State University, San Luis Obispo",academic,group,https://marine.calpoly.edu/ocean-observing,"California Polytechnic State University, San Luis Obispo","Point Estero, CA (ESTR) HF-radar station"
RAGG,CeNCOOS,SLO,United States of America,rkwalter@calpoly.edu,"California Polytechnic State University, San Luis Obispo","Center for Coastal Marine Sciences; California Polytechnic State University, San Luis Obispo",academic,group,https://marine.calpoly.edu/ocean-observing,"California Polytechnic State University, San Luis Obispo","Ragged Point, CA (RAGG) HF-radar station"
CPLF,GCOOS,Fugro,United States of America,ch.jackson@fugro.com,Fugro N.V.,Fugro,industry,institution,https://www.fugro.com/,Fugro N.V.,"Chevron Pipeline Facility, LA (CPLF) HF-radar station"
SWPP,GCOOS,Fugro,United States of America,ch.jackson@fugro.com,Fugro N.V.,Fugro,industry,institution,https://www.fugro.com/,Fugro N.V.,"Southwest Pass, LA (SWPP) HF-radar station"
MCPK,GCOOS,RATES,United States of America,cfuller@office.ratesresearch.org,"Research, Applied Technology, Education, and Service, Inc.","Research, Applied Technology, Education, and Service (RATES)",industry,institution,https://www2.ratesresearch.org/projects/tglo-cmp-26-hf-radar/,"Research, Applied Technology, Education, and Service, Inc.","McCollum Park Beach City, TX (MCPK) HF-radar station"
MOLA,GCOOS,RATES,United States of America,cfuller@office.ratesresearch.org,"Research, Applied Technology, Education, and Service, Inc.","Research, Applied Technology, Education, and Service (RATES)",industry,institution,https://www2.ratesresearch.org/projects/tglo-cmp-26-hf-radar/,"Research, Applied Technology, Education, and Service, Inc.","Moses Lake Floodgate, Texas City, TX (MOLA) HF-radar station"
PLA8,GCOOS,RATES,United States of America,cfuller@office.ratesresearch.org,"Research, Applied Technology, Education, and Service, Inc.","Research, Applied Technology, Education, and Service (RATES)",industry,institution,https://www2.ratesresearch.org/projects/tglo-cmp-26-hf-radar/,"Research, Applied Technology, Education, and Service, Inc.","Placement 8, Port Arthur,TX (PLA8) (PLA8) HF-radar station"
PLPI,GCOOS,RATES,United States of America,cfuller@office.ratesresearch.org,"Research, Applied Technology, Education, and Service, Inc.","Research, Applied Technology, Education, and Service (RATES)",industry,institution,https://www2.ratesresearch.org/projects/tglo-cmp-26-hf-radar/,"Research, Applied Technology, Education, and Service, Inc.","Pleasure Pier Blvd, Port Arthur, TX (PLPI) (PLPI) HF-radar station"
SMPT,GCOOS,RATES,United States of America,cfuller@office.ratesresearch.org,"Research, Applied Technology, Education, and Service, Inc.","Research, Applied Technology, Education, and Service (RATES)",industry,institution,https://www2.ratesresearch.org/projects/tglo-cmp-26-hf-radar/,"Research, Applied Technology, Education, and Service, Inc.","Smith Point, Anahuac,TX (SMPT) (SMPT) HF-radar station"
ANWR,GCOOS,TexAM,United States of America,adancer@gerg.tamu.edu,Texas A&M University,"Geochemical and Environmental Research Group, Texas A&M University",academic,group,https://gerg.tamu.edu/research/projects/index.html,Texas A&M University,"Aransas National Wildlife Refuge, TX (ANWR) HF-radar station"
MBNP,GCOOS,TexAM,United States of America,adancer@gerg.tamu.edu,Texas A&M University,"Geochemical and Environmental Research Group, Texas A&M University",academic,group,https://gerg.tamu.edu/research/projects/index.html,Texas A&M University,Matagorda Bay Nature Park (MBNP) HF-radar station
PINS,GCOOS,TexAM,United States of America,adancer@gerg.tamu.edu,Texas A&M University,"Geochemical and Environmental Research Group, Texas A&M University",academic,group,https://gerg.tamu.edu/research/projects/index.html,Texas A&M University,"Padre Island, TX (PINS) HF-radar station"
PMGC,GCOOS,TexAM,United States of America,adancer@gerg.tamu.edu,Texas A&M University,"Geochemical and Environmental Research Group, Texas A&M University",academic,group,https://gerg.tamu.edu/research/projects/index.html,Texas A&M University,Port Mansfield GERG Codar (PMGC) HF-radar station
SSDE,GCOOS,TexAM,United States of America,adancer@gerg.tamu.edu,Texas A&M University,"Geochemical and Environmental Research Group, Texas A&M University",academic,group,https://gerg.tamu.edu/research/projects/index.html,Texas A&M University,"Surfside, TX (SSDE) HF-radar station"
GPTP,GCOOS,USM,United States of America,stephan.howden@usm.edu,University of Southern Mississippi,"Division of Marine Science, School of Ocean Science and Engineering, University of Southern Mississippi",academic,group,https://www.usm.edu/ocean-science-engineering/,University of Southern Mississippi,"Gulfport, MS (GPTP) HF-radar station"
HBSP,GCOOS,USM,United States of America,stephan.howden@usm.edu,University of Southern Mississippi,"Division of Marine Science, School of Ocean Science and Engineering, University of Southern Mississippi",academic,group,https://www.usm.edu/ocean-science-engineering/,University of Southern Mississippi,"Henderson Beach State Park, FL (HBSP) HF-radar station"
OBSP,GCOOS,USM,United States of America,stephan.howden@usm.edu,University of Southern Mississippi,"Division of Marine Science, School of Ocean Science and Engineering, University of Southern Mississippi",academic,group,https://www.usm.edu/ocean-science-engineering/,University of Southern Mississippi,"Orange Beach State Park, AL (OBSP) HF-radar station"
PCYC,GCOOS,USM,United States of America,stephan.howden@usm.edu,University of Southern Mississippi,"Division of Marine Science, School of Ocean Science and Engineering, University of Southern Mississippi",academic,group,https://www.usm.edu/ocean-science-engineering/,University of Southern Mississippi,"Pass Christian Yacht Club, MS (PCYC) HF-radar station"
SGRV,GCOOS,USM,United States of America,stephan.howden@usm.edu,University of Southern Mississippi,"Division of Marine Science, School of Ocean Science and Engineering, University of Southern Mississippi",academic,group,https://www.usm.edu/ocean-science-engineering/,University of Southern Mississippi,"Singing River, MS (SGRV) HF-radar station"
SISL,GCOOS,USM,United States of America,stephan.howden@usm.edu,University of Southern Mississippi,"Division of Marine Science, School of Ocean Science and Engineering, University of Southern Mississippi",academic,group,https://www.usm.edu/ocean-science-engineering/,University of Southern Mississippi,"Silver Slipper Casino, MS (SISL) HF-radar station"
BRVW,GLOS,MTU,United States of America,thavens@mtu.edu,Michigan Technological University,"Great Lakes Research Center, Michigan Technological University",academic,group,https://www.mtu.edu/greatlakes/research-highlights/hfradar/,Michigan Technological University,"Bridgeview Park, MI (BRVW) HF-radar station"
FTMK,GLOS,MTU,United States of America,thavens@mtu.edu,Michigan Technological University,"Great Lakes Research Center, Michigan Technological University",academic,group,https://www.mtu.edu/greatlakes/research-highlights/hfradar/,Michigan Technological University,"Fort Michilimackinac, MI (FTMK) HF-radar station"
ASSA,MARACOOS,ODU,United States of America,tupdyke@odu.edu,Old Dominion University,"Center for Coastal Physical Oceanography, Department of Ocean, Earth and Atmospheric Sciences, Old Dominion University",academic,group,https://www.odu.edu/coastal-physical-oceanography/research/surface-current-mapping,Old Dominion University,"Assateague, MD (ASSA) HF-radar station"
CEDR,MARACOOS,ODU,United States of America,tupdyke@odu.edu,Old Dominion University,"Center for Coastal Physical Oceanography, Department of Ocean, Earth and Atmospheric Sciences, Old Dominion University",academic,group,https://www.odu.edu/coastal-physical-oceanography/research/surface-current-mapping,Old Dominion University,"Cedar Island, VA (CEDR) HF-radar station"
FLND,MARACOOS,ODU,United States of America,tupdyke@odu.edu,Old Dominion University,"Center for Coastal Physical Oceanography, Department of Ocean, Earth and Atmospheric Sciences, Old Dominion University",academic,group,https://www.odu.edu/coastal-physical-oceanography/research/surface-current-mapping,Old Dominion University,"First Landing State Park, VA (FLND) HF-radar station"
LISL,MARACOOS,ODU,United States of America,tupdyke@odu.edu,Old Dominion University,"Center for Coastal Physical Oceanography, Department of Ocean, Earth and Atmospheric Sciences, Old Dominion University",academic,group,https://www.odu.edu/coastal-physical-oceanography/research/surface-current-mapping,Old Dominion University,"Little Island Park, VA (LISL) HF-radar station"
SUNS,MARACOOS,ODU,United States of America,tupdyke@odu.edu,Old Dominion University,"Center for Coastal Physical Oceanography, Department of Ocean, Earth and Atmospheric Sciences, Old Dominion University",academic,group,https://www.odu.edu/coastal-physical-oceanography/research/surface-current-mapping,Old Dominion University,"Sunset Beach Resort, Cape Charles, VA (SUNS) HF-radar station"
VIEW,MARACOOS,ODU,United States of America,tupdyke@odu.edu,Old Dominion University,"Center for Coastal Physical Oceanography, Department of Ocean, Earth and Atmospheric Sciences, Old Dominion University",academic,group,https://www.odu.edu/coastal-physical-oceanography/research/surface-current-mapping,Old Dominion University,"Ocean View Beach, VA (VIEW) HF-radar station"
AMAG,MARACOOS,Rutgers,United States of America,support@marine.rutgers.edu,Rutgers University,"Ocean Radar Team, Rutgers University Center for Ocean Observing Leadership (RUCOOL)",academic,group,https://rucool.marine.rutgers.edu/integrated-ocean-technology/ocean-radar/,Rutgers University,"Amagansett, New York (AMAG) HF-radar station"
BLCK,MARACOOS,Rutgers,United States of America,support@marine.rutgers.edu,Rutgers University,"Ocean Radar Team, Rutgers University Center for Ocean Observing Leadership (RUCOOL)",academic,group,https://rucool.marine.rutgers.edu/integrated-ocean-technology/ocean-radar/,Rutgers University,Block Island (BLCK) HF-radar station
BRAD,MARACOOS,Rutgers,United States of America,support@marine.rutgers.edu,Rutgers University,"Ocean Radar Team, Rutgers University Center for Ocean Observing Leadership (RUCOOL)",academic,group,https://rucool.marine.rutgers.edu/integrated-ocean-technology/ocean-radar/,Rutgers University,"Bradley Beach, NJ (BRAD) HF-radar station"
BRIG,MARACOOS,Rutgers,United States of America,support@marine.rutgers.edu,Rutgers University,"Ocean Radar Team, Rutgers University Center for Ocean Observing Leadership (RUCOOL)",academic,group,https://rucool.marine.rutgers.edu/integrated-ocean-technology/ocean-radar/,Rutgers University,"Brigantine, NJ (BRIG) HF-radar station"
BRMR,MARACOOS,Rutgers,United States of America,support@marine.rutgers.edu,Rutgers University,"Ocean Radar Team, Rutgers University Center for Ocean Observing Leadership (RUCOOL)",academic,group,https://rucool.marine.rutgers.edu/integrated-ocean-technology/ocean-radar/,Rutgers University,"Brigantine, NJ (BRMR) HF-radar station"
CAPE,MARACOOS,Rutgers,United States of America,support@marine.rutgers.edu,Rutgers University,"Ocean Radar Team, Rutgers University Center for Ocean Observing Leadership (RUCOOL)",academic,group,https://rucool.marine.rutgers.edu/integrated-ocean-technology/ocean-radar/,Rutgers University,"Cape Shore Lab, NJ (CAPE) HF-radar station"
CMPT,MARACOOS,Rutgers,United States of America,support@marine.rutgers.edu,Rutgers University,"Ocean Radar Team, Rutgers University Center for Ocean Observing Leadership (RUCOOL)",academic,group,https://rucool.marine.rutgers.edu/integrated-ocean-technology/ocean-radar/,Rutgers University,"Cape May Point, NJ (CMPT) HF-radar station"
HEMP,MARACOOS,Rutgers,United States of America,support@marine.rutgers.edu,Rutgers University,"Ocean Radar Team, Rutgers University Center for Ocean Observing Leadership (RUCOOL)",academic,group,https://rucool.marine.rutgers.edu/integrated-ocean-technology/ocean-radar/,Rutgers University,"Hempstead, NY (HEMP) HF-radar station"
HLGT,MARACOOS,Rutgers,United States of America,support@marine.rutgers.edu,Rutgers University,"Ocean Radar Team, Rutgers University Center for Ocean Observing Leadership (RUCOOL)",academic,group,https://rucool.marine.rutgers.edu/integrated-ocean-technology/ocean-radar/,Rutgers University,"Holgate, NJ (HLGT) HF-radar station"
HLPN,MARACOOS,Rutgers,United States of America,support@marine.rutgers.edu,Rutgers University,"Ocean Radar Team, Rutgers University Center for Ocean Observing Leadership (RUCOOL)",academic,group,https://rucool.marine.rutgers.edu/integrated-ocean-technology/ocean-radar/,Rutgers University,"Cape Henlopen, DE (HLPN) HF-radar station"
HOOK,MARACOOS,Rutgers,United States of America,support@marine.rutgers.edu,Rutgers University,"Ocean Radar Team, Rutgers University Center for Ocean Observing Leadership (RUCOOL)",academic,group,https://rucool.marine.rutgers.edu/integrated-ocean-technology/ocean-radar/,Rutgers University,"Sandy Hook, NJ (HOOK) HF-radar station"
LEWE,MARACOOS,Rutgers,United States of America,support@marine.rutgers.edu,Rutgers University,"Ocean Radar Team, Rutgers University Center for Ocean Observing Leadership (RUCOOL)",academic,group,https://rucool.marine.rutgers.edu/integrated-ocean-technology/ocean-radar/,Rutgers University,"Lewes, DE (LEWE) HF-radar station"
LOVE,MARACOOS,Rutgers,United States of America,support@marine.rutgers.edu,Rutgers University,"Ocean Radar Team, Rutgers University Center for Ocean Observing Leadership (RUCOOL)",academic,group,https://rucool.marine.rutgers.edu/integrated-ocean-technology/ocean-radar/,Rutgers University,Loveladies (LOVE) HF-radar station
MRCH,MARACOOS,Rutgers,United States of America,support@marine.rutgers.edu,Rutgers University,"Ocean Radar Team, Rutgers University Center for Ocean Observing Leadership (RUCOOL)",academic,group,https://rucool.marine.rutgers.edu/integrated-ocean-technology/ocean-radar/,Rutgers University,"Moriches, NY (MRCH) HF-radar station"
NANT,MARACOOS,Rutgers,United States of America,support@marine.rutgers.edu,Rutgers University,"Ocean Radar Team, Rutgers University Center for Ocean Observing Leadership (RUCOOL)",academic,group,https://rucool.marine.rutgers.edu/integrated-ocean-technology/ocean-radar/,Rutgers University,"Nantucket Island, MA (NANT) HF-radar station"
OLDB,MARACOOS,Rutgers,United States of America,support@marine.rutgers.edu,Rutgers University,"Ocean Radar Team, Rutgers University Center for Ocean Observing Leadership (RUCOOL)",academic,group,https://rucool.marine.rutgers.edu/integrated-ocean-technology/ocean-radar/,Rutgers University,"Old Bridge Waterfront Park, NJ (OLDB) HF-radar station"
PORT,MARACOOS,Rutgers,United States of America,support@marine.rutgers.edu,Rutgers University,"Ocean Radar Team, Rutgers University Center for Ocean Observing Leadership (RUCOOL)",academic,group,https://rucool.marine.rutgers.edu/integrated-ocean-technology/ocean-radar/,Rutgers University,"Port Monmouth, NJ (PORT) HF-radar station"
RATH,MARACOOS,Rutgers,United States of America,support@marine.rutgers.edu,Rutgers University,"Ocean Radar Team, Rutgers University Center for Ocean Observing Leadership (RUCOOL)",academic,group,https://rucool.marine.rutgers.edu/integrated-ocean-technology/ocean-radar/,Rutgers University,"Strathmere, NJ (RATH) HF-radar station"
SEAB,MARACOOS,Rutgers,United States of America,support@marine.rutgers.edu,Rutgers University,"Ocean Radar Team, Rutgers University Center for Ocean Observing Leadership (RUCOOL)",academic,group,https://rucool.marine.rutgers.edu/integrated-ocean-technology/ocean-radar/,Rutgers University,"Sea Bright, NJ (SEAB) HF-radar station"
SILD,MARACOOS,Rutgers,United States of America,support@marine.rutgers.edu,Rutgers University,"Ocean Radar Team, Rutgers University Center for Ocean Observing Leadership (RUCOOL)",academic,group,https://rucool.marine.rutgers.edu/integrated-ocean-technology/ocean-radar/,Rutgers University,"Staten Island, NY (SILD) HF-radar station"
SPRK,MARACOOS,Rutgers,United States of America,support@marine.rutgers.edu,Rutgers University,"Ocean Radar Team, Rutgers University Center for Ocean Observing Leadership (RUCOOL)",academic,group,https://rucool.marine.rutgers.edu/integrated-ocean-technology/ocean-radar/,Rutgers University,"Seaside Park, NJ (SPRK) HF-radar station"
WILD,MARACOOS,Rutgers,United States of America,support@marine.rutgers.edu,Rutgers University,"Ocean Radar Team, Rutgers University Center for Ocean Observing Leadership (RUCOOL)",academic,group,https://rucool.marine.rutgers.edu/integrated-ocean-technology/ocean-radar/,Rutgers University,Wildwood (WILD) HF-radar station
WOOD,MARACOOS,Rutgers,United States of America,support@marine.rutgers.edu,Rutgers University,"Ocean Radar Team, Rutgers University Center for Ocean Observing Leadership (RUCOOL)",academic,group,https://rucool.marine.rutgers.edu/integrated-ocean-technology/ocean-radar/,Rutgers University,"North Wildwood, NJ (WOOD) HF-radar station"
GCAP,MARACOOS,UConn,United States of America,james.odonnell@uconn.edu,University of Connecticut,"Department of Marine Sciences, University of Connecticut",academic,group,https://lisicos.uconn.edu/,University of Connecticut,"Great Captain Island, CT (GCAP) HF-radar station"
STLI,MARACOOS,UConn,United States of America,james.odonnell@uconn.edu,University of Connecticut,"Department of Marine Sciences, University of Connecticut",academic,group,https://lisicos.uconn.edu/,University of Connecticut,"Stehli Beach, NY (STLI) HF-radar station"
NAUS,MARACOOS,UMassDart,United States of America,msundermeyer@umassd.edu,University of Massachusetts Dartmouth,"Ocean Observation Laboratory, School for Marine Science & Technology, University of Massachusetts Dartmouth",academic,group,https://www.umassd.edu/smast/research/,University of Massachusetts Dartmouth,"Nauset, MA (NAUS) HF-radar station"
BISL,MARACOOS,URI,United States of America,chewei.chang@uri.edu,University of Rhode Island,"Chang Coastal Lab, Department of Ocean Engineering, University of Rhode Island",academic,group,https://web.uri.edu/chang-coastal-lab/,University of Rhode Island,"Block Island, RI (BISL) HF-radar station"
MISQ,MARACOOS,URI,United States of America,chewei.chang@uri.edu,University of Rhode Island,"Chang Coastal Lab, Department of Ocean Engineering, University of Rhode Island",academic,group,https://web.uri.edu/chang-coastal-lab/,University of Rhode Island,"Misquamicut, RI (MISQ) HF-radar station"
MNTK,MARACOOS,URI,United States of America,chewei.chang@uri.edu,University of Rhode Island,"Chang Coastal Lab, Department of Ocean Engineering, University of Rhode Island",academic,group,https://web.uri.edu/chang-coastal-lab/,University of Rhode Island,"Montauk, NY (MNTK) HF-radar station"
CBL1,NANOOS,OSU,United States of America,mike.kosro@oregonstate.edu,Oregon State University,"Ocean Currents Mapping Lab; College of Earth, Ocean, and Atmospheric Sciences; Oregon State University",academic,group,http://bragg.ceoas.oregonstate.edu/,Oregon State University,"Cape Blanco, OR (CBL1) HF-radar station"
LOO1,NANOOS,OSU,United States of America,mike.kosro@oregonstate.edu,Oregon State University,"Ocean Currents Mapping Lab; College of Earth, Ocean, and Atmospheric Sciences; Oregon State University",academic,group,http://bragg.ceoas.oregonstate.edu/,Oregon State University,"Loomis Lake, OR (LOO1) HF-radar station"
MAN1,NANOOS,OSU,United States of America,mike.kosro@oregonstate.edu,Oregon State University,"Ocean Currents Mapping Lab; College of Earth, Ocean, and Atmospheric Sciences; Oregon State University",academic,group,http://bragg.ceoas.oregonstate.edu/,Oregon State University,"Manhattan Beach, OR (MAN1) HF-radar station"
PSG1,NANOOS,OSU,United States of America,mike.kosro@oregonstate.edu,Oregon State University,"Ocean Currents Mapping Lab; College of Earth, Ocean, and Atmospheric Sciences; Oregon State University",academic,group,http://bragg.ceoas.oregonstate.edu/,Oregon State University,"Point St. George, CA (PSG1) HF-radar station"
SEA1,NANOOS,OSU,United States of America,mike.kosro@oregonstate.edu,Oregon State University,"Ocean Currents Mapping Lab; College of Earth, Ocean, and Atmospheric Sciences; Oregon State University",academic,group,http://bragg.ceoas.oregonstate.edu/,Oregon State University,"Seaside, OR (SEA1) HF-radar station"
STV2,NANOOS,OSU,United States of America,mike.kosro@oregonstate.edu,Oregon State University,"Ocean Currents Mapping Lab; College of Earth, Ocean, and Atmospheric Sciences; Oregon State University",academic,group,http://bragg.ceoas.oregonstate.edu/,Oregon State University,"Fort Stevens, OR (STV2) HF-radar station"
WIN1,NANOOS,OSU,United States of America,mike.kosro@oregonstate.edu,Oregon State University,"Ocean Currents Mapping Lab; College of Earth, Ocean, and Atmospheric Sciences; Oregon State University",academic,group,http://bragg.ceoas.oregonstate.edu/,Oregon State University,"Winchester Bay, OR (WIN1) HF-radar station"
WLD2,NANOOS,OSU,United States of America,mike.kosro@oregonstate.edu,Oregon State University,"Ocean Currents Mapping Lab; College of Earth, Ocean, and Atmospheric Sciences; Oregon State University",academic,group,http://bragg.ceoas.oregonstate.edu/,Oregon State University,"Waldport, OR (WLD2) HF-radar station"
WSH1,NANOOS,OSU,United States of America,mike.kosro@oregonstate.edu,Oregon State University,"Ocean Currents Mapping Lab; College of Earth, Ocean, and Atmospheric Sciences; Oregon State University",academic,group,http://bragg.ceoas.oregonstate.edu/,Oregon State University,"Washburne, OR (WSH1) HF-radar station"
WSP1,NANOOS,OSU,United States of America,mike.kosro@oregonstate.edu,Oregon State University,"Ocean Currents Mapping Lab; College of Earth, Ocean, and Atmospheric Sciences; Oregon State University",academic,group,http://bragg.ceoas.oregonstate.edu/,Oregon State University,"Westport State Park, WA (WSP1) HF-radar station"
YHL1,NANOOS,OSU,United States of America,mike.kosro@oregonstate.edu,Oregon State University,"Ocean Currents Mapping Lab; College of Earth, Ocean, and Atmospheric Sciences; Oregon State University",academic,group,http://bragg.ceoas.oregonstate.edu/,Oregon State University,"Yaquina Head Long, OR (YHL1) HF-radar station"
YHS2,NANOOS,OSU,United States of America,mike.kosro@oregonstate.edu,Oregon State University,"Ocean Currents Mapping Lab; College of Earth, Ocean, and Atmospheric Sciences; Oregon State University",academic,group,http://bragg.ceoas.oregonstate.edu/,Oregon State University,"Yaquina Head South, OR (YHS2) HF-radar station"
CPVN,NERACOOS,WHOI,United States of America,akirincich@whoi.edu,Woods Hole Oceanographic Institution,"Physical Oceanography Department, Woods Hole Oceanographic Institution",academic,group,https://deacon.whoi.edu/,Woods Hole Oceanographic Institution,"Camp Varnum, RI (CPVN) HF-radar station"
HBSR,NERACOOS,WHOI,United States of America,akirincich@whoi.edu,Woods Hole Oceanographic Institution,"Physical Oceanography Department, Woods Hole Oceanographic Institution",academic,group,https://deacon.whoi.edu/,Woods Hole Oceanographic Institution,"Horseneck Beach State Reserve, MA (HBSR) HF-radar station"
LPWR,NERACOOS,WHOI,United States of America,akirincich@whoi.edu,Woods Hole Oceanographic Institution,"Physical Oceanography Department, Woods Hole Oceanographic Institution",academic,group,https://deacon.whoi.edu/,Woods Hole Oceanographic Institution,"Long Point Wildlife Refuge, MA (LPWR) HF-radar station"
NWTP,NERACOOS,WHOI,United States of America,akirincich@whoi.edu,Woods Hole Oceanographic Institution,"Physical Oceanography Department, Woods Hole Oceanographic Institution",academic,group,https://deacon.whoi.edu/,Woods Hole Oceanographic Institution,"Nantucket, MA (NWTP) HF-radar station"
ESPT,NERACOOS,WHOI,United States of America,akirincich@whoi.edu,Woods Hole Oceanographic Institution,"Physical Oceanography Department, Woods Hole Oceanographic Institution",academic,group,https://deacon.whoi.edu/,Woods Hole Oceanographic Institution,"Eastern Point Retreat House, MA (ESPT) HF-radar station"
FOCF,NERACOOS,WHOI,United States of America,akirincich@whoi.edu,Woods Hole Oceanographic Institution,"Physical Oceanography Department, Woods Hole Oceanographic Institution",academic,group,https://deacon.whoi.edu/,Woods Hole Oceanographic Institution,"Fourth Cliff Recreation Area, MA (FOCF) HF-radar station"
POPB,NERACOOS,WHOI,United States of America,akirincich@whoi.edu,Woods Hole Oceanographic Institution,"Physical Oceanography Department, Woods Hole Oceanographic Institution",academic,group,https://deacon.whoi.edu/,Woods Hole Oceanographic Institution,"Popham Beach State Park, ME (POPB) HF-radar station"
PTWN,NERACOOS,WHOI,United States of America,akirincich@whoi.edu,Woods Hole Oceanographic Institution,"Physical Oceanography Department, Woods Hole Oceanographic Institution",academic,group,https://deacon.whoi.edu/,Woods Hole Oceanographic Institution,"Provincetown, MA (PTWN) HF-radar station"
SBSR,NERACOOS,WHOI,United States of America,akirincich@whoi.edu,Woods Hole Oceanographic Institution,"Physical Oceanography Department, Woods Hole Oceanographic Institution",academic,group,https://deacon.whoi.edu/,Woods Hole Oceanographic Institution,"Salisbury Beach State Reservation, MA (SBSR) HF-radar station"
TLSP,NERACOOS,WHOI,United States of America,akirincich@whoi.edu,Woods Hole Oceanographic Institution,"Physical Oceanography Department, Woods Hole Oceanographic Institution",academic,group,https://deacon.whoi.edu/,Woods Hole Oceanographic Institution,"Two Lights State Park, ME (TLSP) HF-radar station"
KAK,PacIOOS,UH,United States of America,radlab@sunrise.soest.hawaii.edu,University of Hawai?i at M?noa,"Radio Oceanography Laboratory, Physical Oceanography Division, Department of Oceanography, School of Ocean & Earth Science & Technology, University of Hawai?i at M?noa",academic,group,https://www.oceanphysics.org/wiki,University of Hawai?i at M?noa,"Kaka'ako, HI (KAK) HF-radar station"
KAL,PacIOOS,UH,United States of America,radlab@sunrise.soest.hawaii.edu,University of Hawai?i at M?noa,"Radio Oceanography Laboratory, Physical Oceanography Division, Department of Oceanography, School of Ocean & Earth Science & Technology, University of Hawai?i at M?noa",academic,group,https://www.oceanphysics.org/wiki,University of Hawai?i at M?noa,"Kalaeloa, HI (KAL) HF-radar station"
KAP,PacIOOS,UH,United States of America,radlab@sunrise.soest.hawaii.edu,University of Hawai?i at M?noa,"Radio Oceanography Laboratory, Physical Oceanography Division, Department of Oceanography, School of Ocean & Earth Science & Technology, University of Hawai?i at M?noa",academic,group,https://www.oceanphysics.org/wiki,University of Hawai?i at M?noa,"Kapolei, HI (KAP) HF-radar station"
KKH,PacIOOS,UH,United States of America,radlab@sunrise.soest.hawaii.edu,University of Hawai?i at M?noa,"Radio Oceanography Laboratory, Physical Oceanography Division, Department of Oceanography, School of Ocean & Earth Science & Technology, University of Hawai?i at M?noa",academic,group,https://www.oceanphysics.org/wiki,University of Hawai?i at M?noa,"Keaukaha, HI (KKH) HF-radar station"
KNA,PacIOOS,UH,United States of America,radlab@sunrise.soest.hawaii.edu,University of Hawai?i at M?noa,"Radio Oceanography Laboratory, Physical Oceanography Division, Department of Oceanography, School of Ocean & Earth Science & Technology, University of Hawai?i at M?noa",academic,group,https://www.oceanphysics.org/wiki,University of Hawai?i at M?noa,"Kaena, HI (KNA) HF-radar station"
KOK,PacIOOS,UH,United States of America,radlab@sunrise.soest.hawaii.edu,University of Hawai?i at M?noa,"Radio Oceanography Laboratory, Physical Oceanography Division, Department of Oceanography, School of Ocean & Earth Science & Technology, University of Hawai?i at M?noa",academic,group,https://www.oceanphysics.org/wiki,University of Hawai?i at M?noa,"Koko Head, HI (KOK) HF-radar station"
PPK,PacIOOS,UH,United States of America,radlab@sunrise.soest.hawaii.edu,University of Hawai?i at M?noa,"Radio Oceanography Laboratory, Physical Oceanography Division, Department of Oceanography, School of Ocean & Earth Science & Technology, University of Hawai?i at M?noa",academic,group,https://www.oceanphysics.org/wiki,University of Hawai?i at M?noa,"Pepe'ekeo, HI (PPK) HF-radar station"
SDBP,SCCOOS,SIO,United States of America,brk016@ucsd.edu,"Scripps Institution of Oceanography at University of California, San Diego","Coastal Observing Research and Development Center; Marine Physical Laboratory; Scripps Institution of Oceanography; University of California, San Diego",academic,group,https://cordc.ucsd.edu/,"University of California, San Diego","San Diego, Border Park (SDBP) HF-radar station"
SDCP,SCCOOS,SIO,United States of America,brk016@ucsd.edu,"Scripps Institution of Oceanography at University of California, San Diego","Coastal Observing Research and Development Center; Marine Physical Laboratory; Scripps Institution of Oceanography; University of California, San Diego",academic,group,https://cordc.ucsd.edu/,"University of California, San Diego","Camp Pendleton, CA (SDCP) HF-radar station"
SDDP,SCCOOS,SIO,United States of America,brk016@ucsd.edu,"Scripps Institution of Oceanography at University of California, San Diego","Coastal Observing Research and Development Center; Marine Physical Laboratory; Scripps Institution of Oceanography; University of California, San Diego",academic,group,https://cordc.ucsd.edu/,"University of California, San Diego","Dana Point, CA (SDDP) HF-radar station"
SDPL,SCCOOS,SIO,United States of America,brk016@ucsd.edu,"Scripps Institution of Oceanography at University of California, San Diego","Coastal Observing Research and Development Center; Marine Physical Laboratory; Scripps Institution of Oceanography; University of California, San Diego",academic,group,https://cordc.ucsd.edu/,"University of California, San Diego","San Diego, Point Loma (SDPL) HF-radar station"
SDSC,SCCOOS,SIO,United States of America,brk016@ucsd.edu,"Scripps Institution of Oceanography at University of California, San Diego","Coastal Observing Research and Development Center; Marine Physical Laboratory; Scripps Institution of Oceanography; University of California, San Diego",academic,group,https://cordc.ucsd.edu/,"University of California, San Diego","San Clemente Is, CA (SDSC) HF-radar station"
SDSE,SCCOOS,SIO,United States of America,brk016@ucsd.edu,"Scripps Institution of Oceanography at University of California, San Diego","Coastal Observing Research and Development Center; Marine Physical Laboratory; Scripps Institution of Oceanography; University of California, San Diego",academic,group,https://cordc.ucsd.edu/,"University of California, San Diego","San Elijo State Beach, CA (SDSE) HF-radar station"
SDSL,SCCOOS,SIO,United States of America,brk016@ucsd.edu,"Scripps Institution of Oceanography at University of California, San Diego","Coastal Observing Research and Development Center; Marine Physical Laboratory; Scripps Institution of Oceanography; University of California, San Diego",academic,group,https://cordc.ucsd.edu/,"University of California, San Diego","San Diego, Scripps Long-range (SDSL) HF-radar station"
SDSN,SCCOOS,SIO,United States of America,brk016@ucsd.edu,"Scripps Institution of Oceanography at University of California, San Diego","Coastal Observing Research and Development Center; Marine Physical Laboratory; Scripps Institution of Oceanography; University of California, San Diego",academic,group,https://cordc.ucsd.edu/,"University of California, San Diego","San Clemente Island North, CA (SDSN) HF-radar station"
SDUT,SCCOOS,SIO,United States of America,brk016@ucsd.edu,"Scripps Institution of Oceanography at University of California, San Diego","Coastal Observing Research and Development Center; Marine Physical Laboratory; Scripps Institution of Oceanography; University of California, San Diego",academic,group,https://cordc.ucsd.edu/,"University of California, San Diego","Upper Trestles, San Diego, CA (SDUT) HF-radar station"
SDWW,SCCOOS,SIO,United States of America,brk016@ucsd.edu,"Scripps Institution of Oceanography at University of California, San Diego","Coastal Observing Research and Development Center; Marine Physical Laboratory; Scripps Institution of Oceanography; University of California, San Diego",academic,group,https://cordc.ucsd.edu/,"University of California, San Diego","Point Loma Waste Water Treatment Plant, CA (SDWW) HF-radar station"
AGL1,SCCOOS,SLO,United States of America,rkwalter@calpoly.edu,"California Polytechnic State University, San Luis Obispo","Center for Coastal Marine Sciences; California Polytechnic State University, San Luis Obispo",academic,group,https://marine.calpoly.edu/ocean-observing,"California Polytechnic State University, San Luis Obispo","Pt. Arguello, CA (AGL1) HF-radar station"
ARG1,SCCOOS,SLO,United States of America,rkwalter@calpoly.edu,"California Polytechnic State University, San Luis Obispo","Center for Coastal Marine Sciences; California Polytechnic State University, San Luis Obispo",academic,group,https://marine.calpoly.edu/ocean-observing,"California Polytechnic State University, San Luis Obispo","Pt. Arguello, CA (ARG1) HF-radar station"
FBK1,SCCOOS,SLO,United States of America,rkwalter@calpoly.edu,"California Polytechnic State University, San Luis Obispo","Center for Coastal Marine Sciences; California Polytechnic State University, San Luis Obispo",academic,group,https://marine.calpoly.edu/ocean-observing,"California Polytechnic State University, San Luis Obispo","FallBack22, Pt. Sal, CA (FBK1) HF-radar station"
LUIS,SCCOOS,SLO,United States of America,rkwalter@calpoly.edu,"California Polytechnic State University, San Luis Obispo","Center for Coastal Marine Sciences; California Polytechnic State University, San Luis Obispo",academic,group,https://marine.calpoly.edu/ocean-observing,"California Polytechnic State University, San Luis Obispo","Point San Luis, CA (LUIS) HF-radar station"
PTC1,SCCOOS,SLO,United States of America,rkwalter@calpoly.edu,"California Polytechnic State University, San Luis Obispo","Center for Coastal Marine Sciences; California Polytechnic State University, San Luis Obispo",academic,group,https://marine.calpoly.edu/ocean-observing,"California Polytechnic State University, San Luis Obispo","Point Conception, CA (PTC1) HF-radar station"
ACI1,SCCOOS,UCSB,United States of America,hfradar@msi.ucsb.edu,"University of California, Santa Barbara","Washburn Lab; Marine Science Institute; University of California, Santa Barbara",academic,group,https://washburnlab.msi.ucsb.edu/hf-radar,"University of California, Santa Barbara","Anacapa Island, CA (ACI1) HF-radar station"
COP1,SCCOOS,UCSB,United States of America,hfradar@msi.ucsb.edu,"University of California, Santa Barbara","Washburn Lab; Marine Science Institute; University of California, Santa Barbara",academic,group,https://washburnlab.msi.ucsb.edu/hf-radar,"University of California, Santa Barbara",Coal Oil Pt. (COP1) HF-radar station
MGS1,SCCOOS,UCSB,United States of America,hfradar@msi.ucsb.edu,"University of California, Santa Barbara","Washburn Lab; Marine Science Institute; University of California, Santa Barbara",academic,group,https://washburnlab.msi.ucsb.edu/hf-radar,"University of California, Santa Barbara",Mandalay Generating Station (MGS1) HF-radar station
NIC1,SCCOOS,UCSB,United States of America,hfradar@msi.ucsb.edu,"University of California, Santa Barbara","Washburn Lab; Marine Science Institute; University of California, Santa Barbara",academic,group,https://washburnlab.msi.ucsb.edu/hf-radar,"University of California, Santa Barbara","Nicholas Canyon, CA (NIC1) HF-radar station"
PTM1,SCCOOS,UCSB,United States of America,hfradar@msi.ucsb.edu,"University of California, Santa Barbara","Washburn Lab; Marine Science Institute; University of California, Santa Barbara",academic,group,https://washburnlab.msi.ucsb.edu/hf-radar,"University of California, Santa Barbara","Point Mugu, CA (PTM1) HF-radar station"
RFG1,SCCOOS,UCSB,United States of America,hfradar@msi.ucsb.edu,"University of California, Santa Barbara","Washburn Lab; Marine Science Institute; University of California, Santa Barbara",academic,group,https://washburnlab.msi.ucsb.edu/hf-radar,"University of California, Santa Barbara",Refugio State Beach (RFG1) HF-radar station
SCI1,SCCOOS,UCSB,United States of America,hfradar@msi.ucsb.edu,"University of California, Santa Barbara","Washburn Lab; Marine Science Institute; University of California, Santa Barbara",academic,group,https://washburnlab.msi.ucsb.edu/hf-radar,"University of California, Santa Barbara","Santa Cruz Island, CA (SCI1) HF-radar station"
SNI1,SCCOOS,UCSB,United States of America,hfradar@msi.ucsb.edu,"University of California, Santa Barbara","Washburn Lab; Marine Science Institute; University of California, Santa Barbara",academic,group,https://washburnlab.msi.ucsb.edu/hf-radar,"University of California, Santa Barbara","San Nicolas Island, CA (SNI1) HF-radar station"
SSD1,SCCOOS,UCSB,United States of America,hfradar@msi.ucsb.edu,"University of California, Santa Barbara","Washburn Lab; Marine Science Institute; University of California, Santa Barbara",academic,group,https://washburnlab.msi.ucsb.edu/hf-radar,"University of California, Santa Barbara",Summerland Sanitary District (SSD1) HF-radar station
SCCI,SCCOOS,USC,United States of America,mragan@usc.edu,University of Southern California,"Wrigley Institute for Environment and Sustainability; Dornsife College of Letters, Arts, and Sciences; University of Southern California",academic,group,https://dornsife.usc.edu/wrigley/,University of Southern California,"Catalina Island, CA (SCCI) HF-radar station"
SCDB,SCCOOS,USC,United States of America,mragan@usc.edu,University of Southern California,"Wrigley Institute for Environment and Sustainability; Dornsife College of Letters, Arts, and Sciences; University of Southern California",academic,group,https://dornsife.usc.edu/wrigley/,University of Southern California,"Dan Blocker, CA (SCDB) HF-radar station"
SCDH,SCCOOS,USC,United States of America,mragan@usc.edu,University of Southern California,"Wrigley Institute for Environment and Sustainability; Dornsife College of Letters, Arts, and Sciences; University of Southern California",academic,group,https://dornsife.usc.edu/wrigley/,University of Southern California,"Dockweiler Headquarters, CA (SCDH) HF-radar station"
SCNB,SCCOOS,USC,United States of America,mragan@usc.edu,University of Southern California,"Wrigley Institute for Environment and Sustainability; Dornsife College of Letters, Arts, and Sciences; University of Southern California",academic,group,https://dornsife.usc.edu/wrigley/,University of Southern California,"Newport Beach, CA (SCNB) HF-radar station"
SCPF,SCCOOS,USC,United States of America,mragan@usc.edu,University of Southern California,"Wrigley Institute for Environment and Sustainability; Dornsife College of Letters, Arts, and Sciences; University of Southern California",academic,group,https://dornsife.usc.edu/wrigley/,University of Southern California,"Point Fermin, CA (SCPF) HF-radar station"
SCTB,SCCOOS,USC,United States of America,mragan@usc.edu,University of Southern California,"Wrigley Institute for Environment and Sustainability; Dornsife College of Letters, Arts, and Sciences; University of Southern California",academic,group,https://dornsife.usc.edu/wrigley/,University of Southern California,"Torrance Beach, CA (SCTB) HF-radar station"
HAUL,SECOORA,FAU,United States of America,wbaxley1@fau.edu,Florida Atlantic University,"Southeast National Marine Renewable Energy Center, Florida Atlantic University",academic,group,https://snmrec.fau.edu/resource-measurement-modeling/ocean-current-measurement.html,Florida Atlantic University,"Haulover Inlet, FL (HAUL) HF-radar station"
HILL,SECOORA,FAU,United States of America,wbaxley1@fau.edu,Florida Atlantic University,"Southeast National Marine Renewable Energy Center, Florida Atlantic University",academic,group,https://snmrec.fau.edu/resource-measurement-modeling/ocean-current-measurement.html,Florida Atlantic University,"Hillsboro, FL (HILL) HF-radar station"
HTR,SECOORA,FIT,United States of America,slazarus@fit.edu,Florida Institute of Technology,"Department Of Ocean Engineering and Marine Sciences, College of Engineering and Science, Florida Institute of Technology",academic,group,https://www.fit.edu/ocean-engineering-and-marine-sciences/,Florida Institute of Technology,"Hightower Beach, FL (HTR) HF-radar station"
TRS,SECOORA,FIT,United States of America,slazarus@fit.edu,Florida Institute of Technology,"Department Of Ocean Engineering and Marine Sciences, College of Engineering and Science, Florida Institute of Technology",academic,group,https://www.fit.edu/ocean-engineering-and-marine-sciences/,Florida Institute of Technology,"Treasure Shores, FL (TRS) HF-radar station"
CSW,SECOORA,SC,United States of America,gvoulgaris@geol.sc.edu,University of South Carolina,"Coastal Processes & Sediment Dynamics Laboratory; School of the Earth, Ocean, and Environment; McCausland College of Arts and Sciences; University of South Carolina",academic,group,https://seoe.sc.edu/gvoulgar/WERA_link.html,University of South Carolina,"Fort Caswell, NC (CSW) HF-radar station"
GTN,SECOORA,SC,United States of America,gvoulgaris@geol.sc.edu,University of South Carolina,"Coastal Processes & Sediment Dynamics Laboratory; School of the Earth, Ocean, and Environment; McCausland College of Arts and Sciences; University of South Carolina",academic,group,https://seoe.sc.edu/gvoulgar/WERA_link.html,University of South Carolina,"Georgetown, SC (GTN) HF-radar station"
MBP,SECOORA,SC,United States of America,gvoulgaris@geol.sc.edu,University of South Carolina,"Coastal Processes & Sediment Dynamics Laboratory; School of the Earth, Ocean, and Environment; McCausland College of Arts and Sciences; University of South Carolina",academic,group,https://seoe.sc.edu/gvoulgar/WERA_link.html,University of South Carolina,Myrtle Beach State Park (MBP) HF-radar station
CNS,SECOORA,SKIO,United States of America,catherine.edwards@skio.uga.edu,"Skidaway Institute of Oceanography, University of Georgia","Edwards Lab, Skidaway Institute of Oceanography, University of Georgia",academic,group,https://www.skio.uga.edu/research/physical-oceanography/gliderprojects/,"Skidaway Institute of Oceanography, University of Georgia","Canaveral National Seashore, FL (CNS) HF-radar station"
JEK,SECOORA,SKIO,United States of America,catherine.edwards@skio.uga.edu,"Skidaway Institute of Oceanography, University of Georgia","Edwards Lab, Skidaway Institute of Oceanography, University of Georgia",academic,group,https://www.skio.uga.edu/research/physical-oceanography/gliderprojects/,"Skidaway Institute of Oceanography, University of Georgia","Jekyll Island, GA, USA (JEK) HF-radar station"
KSC,SECOORA,SKIO,United States of America,catherine.edwards@skio.uga.edu,"Skidaway Institute of Oceanography, University of Georgia","Edwards Lab, Skidaway Institute of Oceanography, University of Georgia",academic,group,https://www.skio.uga.edu/research/physical-oceanography/gliderprojects/,"Skidaway Institute of Oceanography, University of Georgia","Kennedy Space Center, FL (KSC) HF-radar station"
CDN,SECOORA,UMiami,United States of America,nshay@rsmas.miami.edu,University of Miami,"Rosenstiel School of Marine, Atmospheric, and Earth Science; University of Miami",academic,group,https://upper-ocean-dynamics.earth.miami.edu/research/high-frequency-radar/index.html,University of Miami,"Crandon, FL (CDN) HF-radar station"
NKL,SECOORA,UMiami,United States of America,nshay@rsmas.miami.edu,University of Miami,"Rosenstiel School of Marine, Atmospheric, and Earth Science; University of Miami",academic,group,https://upper-ocean-dynamics.earth.miami.edu/research/high-frequency-radar/index.html,University of Miami,"North Key Largo, FL (NKL) HF-radar station"
STF,SECOORA,UMiami,United States of America,nshay@rsmas.miami.edu,University of Miami,"Rosenstiel School of Marine, Atmospheric, and Earth Science; University of Miami",academic,group,https://upper-ocean-dynamics.earth.miami.edu/research/high-frequency-radar/index.html,University of Miami,"Dania Beach, FL (STF) HF-radar station"
VIR,SECOORA,UMiami,United States of America,nshay@rsmas.miami.edu,University of Miami,"Rosenstiel School of Marine, Atmospheric, and Earth Science; University of Miami",academic,group,https://upper-ocean-dynamics.earth.miami.edu/research/high-frequency-radar/index.html,University of Miami,"Virginia Key, FL (VIR) HF-radar station"
CORE,SECOORA,UNC,United States of America,hseim@email.unc.edu,University of North Carolina at Chapel Hill,"Seim Lab; Department of Earth, Marine, and Environmental Sciences; University of North Carolina at Chapel Hill",academic,group,https://tarheels.live/seimlab/,University of North Carolina at Chapel Hill,"Core Banks, NC (CORE) HF-radar station"
HATY,SECOORA,UNC,United States of America,hseim@email.unc.edu,University of North Carolina at Chapel Hill,"Seim Lab; Department of Earth, Marine, and Environmental Sciences; University of North Carolina at Chapel Hill",academic,group,https://tarheels.live/seimlab/,University of North Carolina at Chapel Hill,"Cape Hatteras, NC (HATY) HF-radar station"
JENN,SECOORA,UNC,United States of America,hseim@email.unc.edu,University of North Carolina at Chapel Hill,"Seim Lab; Department of Earth, Marine, and Environmental Sciences; University of North Carolina at Chapel Hill",academic,group,https://tarheels.live/seimlab/,University of North Carolina at Chapel Hill,"Jennettes Pier, NC (JENN) HF-radar station"
OCRA,SECOORA,UNC,United States of America,hseim@email.unc.edu,University of North Carolina at Chapel Hill,"Seim Lab; Department of Earth, Marine, and Environmental Sciences; University of North Carolina at Chapel Hill",academic,group,https://tarheels.live/seimlab/,University of North Carolina at Chapel Hill,"Ocracoke Island, NC (OCRA) HF-radar station"
FDS,SECOORA,USF,United States of America,cmerz@usf.edu,University of South Florida,"Ocean Circulation Laboratory, College of Marine Science, University of South Florida",academic,group,https://comps.marine.usf.edu/,University of South Florida,"Ft. De Soto, FL (FDS) HF-radar station"
JEFF,SECOORA,USF,United States of America,cmerz@usf.edu,University of South Florida,"Ocean Circulation Laboratory, College of Marine Science, University of South Florida",academic,group,https://comps.marine.usf.edu/,University of South Florida,"Ft Jefferson, FL (JEFF) HF-radar station"
MARA,SECOORA,USF,United States of America,cmerz@usf.edu,University of South Florida,"Ocean Circulation Laboratory, College of Marine Science, University of South Florida",academic,group,https://comps.marine.usf.edu/,University of South Florida,"Marathon, FL (MARA) HF-radar station"
NAPL,SECOORA,USF,United States of America,cmerz@usf.edu,University of South Florida,"Ocean Circulation Laboratory, College of Marine Science, University of South Florida",academic,group,https://comps.marine.usf.edu/,University of South Florida,"Naples, FL (NAPL) HF-radar station"
RDSR,SECOORA,USF,United States of America,cmerz@usf.edu,University of South Florida,"Ocean Circulation Laboratory, College of Marine Science, University of South Florida",academic,group,https://comps.marine.usf.edu/,University of South Florida,"Reddington, FL (RDSR) HF-radar station"
VEN,SECOORA,USF,United States of America,cmerz@usf.edu,University of South Florida,"Ocean Circulation Laboratory, College of Marine Science, University of South Florida",academic,group,https://comps.marine.usf.edu/,University of South Florida,"Venice, FL (VEN) HF-radar station"
VENI,SECOORA,USF,United States of America,cmerz@usf.edu,University of South Florida,"Ocean Circulation Laboratory, College of Marine Science, University of South Florida",academic,group,https://comps.marine.usf.edu/,University of South Florida,"Venice, FL (VENI) HF-radar station"
WEST,SECOORA,USF,United States of America,cmerz@usf.edu,University of South Florida,"Ocean Circulation Laboratory, College of Marine Science, University of South Florida",academic,group,https://comps.marine.usf.edu/,University of South Florida,"Key West, FL (WEST) HF-radar station"
